{"cameraMode":{"drawMode":0,"name":"Shaded","section":"Shading Mode"},"sceneLighting":false,"audioPlay":false,"sceneViewState":{"m_AlwaysRefresh":false,"showFog":true,"showSkybox":false,"showFlares":true,"showImageEffects":true,"showParticleSystems":true,"showVisualEffectGraphs":true,"m_FxEnabled":true},"in2DMode":false,"pivot":{"x":0.5025644302368164,"y":4.17851448059082,"z":0.5064606666564941},"rotation":{"x":-0.28573542833328249,"y":0.01056636031717062,"z":-0.0031546407844871284,"w":-0.9581853747367859},"size":9.482081413269043,"orthographic":false}