{"cameraMode":{"drawMode":0,"name":"Shaded","section":"Shading Mode"},"sceneLighting":true,"audioPlay":false,"sceneViewState":{"m_AlwaysRefresh":false,"showFog":true,"showSkybox":true,"showFlares":true,"showImageEffects":true,"showParticleSystems":true,"showVisualEffectGraphs":true,"m_FxEnabled":true},"in2DMode":false,"pivot":{"x":-131.5944061279297,"y":201.08505249023438,"z":15.628238677978516},"rotation":{"x":0.15880028903484345,"y":0.393490195274353,"z":-0.07323145866394043,"w":0.9021493196487427},"size":17.798866271972658,"orthographic":false}